VOUCHERID,VOUCHERCODE,VENDOR,VALIDFROM,VALIDTO,PRESENTATIONS,VOUCHERTYPE,CATEGORYCODE,CREDITTIMEMINUTES,RETURNEDFEE,TARIFFCODE
4126,4NUE6ZUJE940Y,St Barts,2026-09-16T00:00:00,2026-09-22T00:00:00,1,Category,2,,,
4127,JYZR2YWLQWZKC,St Barts,2026-09-16T00:00:00,2026-09-22T00:00:00,1,Category,2,,,
4123,28NGWZAF9ON7T,St Barts,2026-09-16T00:00:00,2026-09-20T00:00:00,1,Category,3,,,
4128,3ICF0AKKR2RGJ,St Barts,2026-09-16T00:00:00,2026-09-17T00:00:00,1,Category,3,,,
4047,01F7S3ZML578R,St Barts,2026-09-21T00:00:00,2026-09-27T00:00:00,1,Category,2,,,
4049,01VUTR60TIWNT,St Barts,2026-09-21T00:00:00,2026-09-27T00:00:00,1,Category,2,,,
3816,02E4AH8AI8HLD,St Barts,2026-09-13T00:00:00,2026-09-19T00:00:00,1,Category,2,,,
3966,02ETRA14MYE51,St Barts,2026-09-18T00:00:00,2026-09-24T00:00:00,1,Category,2,,,
3828,046701J2F2EVS,St Barts,2026-09-13T00:00:00,2026-09-19T00:00:00,1,Category,2,,,
3995,0E9EV0OYSYRSC,St Barts,2026-09-19T00:00:00,2026-09-25T00:00:00,1,Category,2,,,
3788,0G450P529NDD1,St Barts,2026-09-12T00:00:00,2026-09-18T00:00:00,1,Category,2,,,
4079,0KPMGXK7M854B,St Barts,2026-09-22T00:00:00,2026-09-28T00:00:00,1,Category,2,,,
3792,0PM6OBN2TG9Y0,St Barts,2026-09-12T00:00:00,2026-09-18T00:00:00,1,Category,2,,,
4086,0QBF1OJ3VWFHG,St Barts,2026-09-22T00:00:00,2026-09-28T00:00:00,1,Category,2,,,
3890,0TVVMMDNXDBRV,St Barts,2026-09-16T00:00:00,2026-09-22T00:00:00,1,Category,2,,,
3976,0UT1IVBR54O32,St Barts,2026-09-18T00:00:00,2026-09-24T00:00:00,1,Category,2,,,
3741,0WTV2U96Q6KAD,St Barts,2026-09-11T00:00:00,2026-09-17T00:00:00,1,Category,2,,,
3986,0YBHK8JXH397P,St Barts,2026-09-19T00:00:00,2026-09-25T00:00:00,1,Category,2,,,
3877,13JYHK2PBNKA0,St Barts,2026-09-15T00:00:00,2026-09-21T00:00:00,1,Category,2,,,
3863,1412Q6KHKVXQC,St Barts,2026-09-15T00:00:00,2026-09-21T00:00:00,1,Category,2,,,
4088,14ISUVMUUIBBU,St Barts,2026-09-22T00:00:00,2026-09-28T00:00:00,1,Category,2,,,
3843,16D7Y9EQEHJ66,St Barts,2026-09-14T00:00:00,2026-09-20T00:00:00,1,Category,2,,,
3833,1BTUK46QB19UZ,St Barts,2026-09-14T00:00:00,2026-09-20T00:00:00,1,Category,2,,,
4051,1DDPF7UOC710L,St Barts,2026-09-21T00:00:00,2026-09-27T00:00:00,1,Category,2,,,
3862,1DV9S7KMPA634,St Barts,2026-09-15T00:00:00,2026-09-21T00:00:00,1,Category,2,,,
4094,1DZYGMX65M86F,St Barts,2026-09-22T00:00:00,2026-09-28T00:00:00,1,Category,2,,,
3812,1E4HSOHMUO3P4,St Barts,2026-09-13T00:00:00,2026-09-19T00:00:00,1,Category,2,,,
3778,1GWTDNKLCMR6L,St Barts,2026-09-12T00:00:00,2026-09-18T00:00:00,1,Category,2,,,
3834,1K3LSX9NDV6LA,St Barts,2026-09-14T00:00:00,2026-09-20T00:00:00,1,Category,2,,,
4097,1L9EROO0TLGWV,St Barts,2026-09-22T00:00:00,2026-09-28T00:00:00,1,Category,2,,,
3923,1R2QD5A6Y610G,St Barts,2026-09-17T00:00:00,2026-09-23T00:00:00,1,Category,2,,,
3870,1S53HPE4DBFFO,St Barts,2026-09-15T00:00:00,2026-09-21T00:00:00,1,Category,2,,,
3749,1WUQDKD2PQTQ2,St Barts,2026-09-11T00:00:00,2026-09-17T00:00:00,1,Category,2,,,
3758,1ZSQ0IIXO41XZ,St Barts,2026-09-11T00:00:00,2026-09-17T00:00:00,1,Category,2,,,
3921,20ZI4S5D5HSJ1,St Barts,2026-09-17T00:00:00,2026-09-23T00:00:00,1,Category,2,,,
3748,211FXQ13JFC58,St Barts,2026-09-11T00:00:00,2026-09-17T00:00:00,1,Category,2,,,
3970,2ATWJXJZ7DKRY,St Barts,2026-09-18T00:00:00,2026-09-24T00:00:00,1,Category,2,,,
3773,2CSS4PHEQVDLQ,St Barts,2026-09-12T00:00:00,2026-09-18T00:00:00,1,Category,2,,,
3744,2R99TZVSZDRRV,St Barts,2026-09-11T00:00:00,2026-09-17T00:00:00,1,Category,2,,,
3927,2WHREUA1HMXRU,St Barts,2026-09-17T00:00:00,2026-09-23T00:00:00,1,Category,2,,,
3774,2Z34EZENTUIY3,St Barts,2026-09-12T00:00:00,2026-09-18T00:00:00,1,Category,2,,,
4055,32YGFM76PC9TD,St Barts,2026-09-21T00:00:00,2026-09-27T00:00:00,1,Category,2,,,
4069,37FICFG9I3ZN1,St Barts,2026-09-22T00:00:00,2026-09-28T00:00:00,1,Category,2,,,
3951,38O1PO3QF1D8S,St Barts,2026-09-18T00:00:00,2026-09-24T00:00:00,1,Category,2,,,
3848,3FF7B8N65I38Q,St Barts,2026-09-14T00:00:00,2026-09-20T00:00:00,1,Category,2,,,
3943,497F0S8FDC2AR,St Barts,2026-09-17T00:00:00,2026-09-23T00:00:00,1,Category,2,,,
3806,4C5Q6YWWITDG9,St Barts,2026-09-13T00:00:00,2026-09-19T00:00:00,1,Category,2,,,
4038,4E5XYUTKTKJOA,St Barts,2026-09-20T00:00:00,2026-09-26T00:00:00,1,Category,2,,,
4085,4I7MSWEHQVVP9,St Barts,2026-09-22T00:00:00,2026-09-28T00:00:00,1,Category,2,,,
3839,4PP7Q3N04GZ17,St Barts,2026-09-14T00:00:00,2026-09-20T00:00:00,1,Category,2,,,
3977,4Q68X7VPG53B6,St Barts,2026-09-18T00:00:00,2026-09-24T00:00:00,1,Category,2,,,
3868,4RLFM5KJJNVRR,St Barts,2026-09-15T00:00:00,2026-09-21T00:00:00,1,Category,2,,,
3881,4XNXL904ZQJNZ,St Barts,2026-09-15T00:00:00,2026-09-21T00:00:00,1,Category,2,,,
3827,4YMA2CZJP54IV,St Barts,2026-09-13T00:00:00,2026-09-19T00:00:00,1,Category,2,,,
3846,50V6X6OB9VD1M,St Barts,2026-09-14T00:00:00,2026-09-20T00:00:00,1,Category,2,,,
3980,528UYZZMACGB1,St Barts,2026-09-19T00:00:00,2026-09-25T00:00:00,1,Category,2,,,
3948,5GVSCUK14APJ4,St Barts,2026-09-17T00:00:00,2026-09-23T00:00:00,1,Category,2,,,
3960,5KTLW7D2ZZ4CA,St Barts,2026-09-18T00:00:00,2026-09-24T00:00:00,1,Category,2,,,
4059,5QIBLIPV3RZIM,St Barts,2026-09-21T00:00:00,2026-09-27T00:00:00,1,Category,2,,,
3781,5QR83ONG4JO94,St Barts,2026-09-12T00:00:00,2026-09-18T00:00:00,1,Category,2,,,
3982,5Z95C4K1JD7FJ,St Barts,2026-09-19T00:00:00,2026-09-25T00:00:00,1,Category,2,,,
4040,5ZE7IHU29N4TJ,St Barts,2026-09-21T00:00:00,2026-09-27T00:00:00,1,Category,2,,,
3770,612ENWPFES0HE,St Barts,2026-09-12T00:00:00,2026-09-18T00:00:00,1,Category,2,,,
3896,662FTTJQNCAXC,St Barts,2026-09-16T00:00:00,2026-09-22T00:00:00,1,Category,2,,,
4015,6EZMM88U7NJH5,St Barts,2026-09-20T00:00:00,2026-09-26T00:00:00,1,Category,2,,,
3743,6FNJG4VWNGPRX,St Barts,2026-09-11T00:00:00,2026-09-17T00:00:00,1,Category,2,,,
4050,6L82N040H8LBK,St Barts,2026-09-21T00:00:00,2026-09-27T00:00:00,1,Category,2,,,
3944,6PTL3GAO1YT1M,St Barts,2026-09-17T00:00:00,2026-09-23T00:00:00,1,Category,2,,,
3790,6Y2LWBGZA5HHJ,St Barts,2026-09-12T00:00:00,2026-09-18T00:00:00,1,Category,2,,,
3991,71Q1RC4SBMC2T,St Barts,2026-09-19T00:00:00,2026-09-25T00:00:00,1,Category,2,,,
3955,72P2LLI872ULC,St Barts,2026-09-18T00:00:00,2026-09-24T00:00:00,1,Category,2,,,
4007,764F7ZRM694R4,St Barts,2026-09-19T00:00:00,2026-09-25T00:00:00,1,Category,2,,,
4066,774PF0P29NHTR,St Barts,2026-09-21T00:00:00,2026-09-27T00:00:00,1,Category,2,,,
3899,7BTV08LN15LED,St Barts,2026-09-16T00:00:00,2026-09-22T00:00:00,1,Category,2,,,
4031,7E45NLRJ4OOZ2,St Barts,2026-09-20T00:00:00,2026-09-26T00:00:00,1,Category,2,,,
4044,7GILAP46FLO3B,St Barts,2026-09-21T00:00:00,2026-09-27T00:00:00,1,Category,2,,,
4089,7LPIW1ELCU8J5,St Barts,2026-09-22T00:00:00,2026-09-28T00:00:00,1,Category,2,,,
3808,7SINLPN5ERBE1,St Barts,2026-09-13T00:00:00,2026-09-19T00:00:00,1,Category,2,,,
3967,7TPKKVGWESQK1,St Barts,2026-09-18T00:00:00,2026-09-24T00:00:00,1,Category,2,,,
3888,7V8AOMTI7ZO5S,St Barts,2026-09-15T00:00:00,2026-09-21T00:00:00,1,Category,2,,,
3785,7ZEY58HLZ5RQX,St Barts,2026-09-12T00:00:00,2026-09-18T00:00:00,1,Category,2,,,
3882,82RMUS1207QW0,St Barts,2026-09-15T00:00:00,2026-09-21T00:00:00,1,Category,2,,,
3911,87NIRZ78M3E21,St Barts,2026-09-16T00:00:00,2026-09-22T00:00:00,1,Category,2,,,
3872,88RRLRQAE2OPF,St Barts,2026-09-15T00:00:00,2026-09-21T00:00:00,1,Category,2,,,
3916,88ZBYU29R1WMA,St Barts,2026-09-16T00:00:00,2026-09-22T00:00:00,1,Category,2,,,
3764,8JDPT8JMI78DK,St Barts,2026-09-11T00:00:00,2026-09-17T00:00:00,1,Category,2,,,
3765,8JR93VHKWOW1A,St Barts,2026-09-11T00:00:00,2026-09-17T00:00:00,1,Category,2,,,
4033,8MMZHAGIARWB3,St Barts,2026-09-20T00:00:00,2026-09-26T00:00:00,1,Category,2,,,
4002,8OXA108FT8NFI,St Barts,2026-09-19T00:00:00,2026-09-25T00:00:00,1,Category,2,,,
3751,8U48DKMCEFA6Q,St Barts,2026-09-11T00:00:00,2026-09-17T00:00:00,1,Category,2,,,
3932,8WY0VVYJORUPB,St Barts,2026-09-17T00:00:00,2026-09-23T00:00:00,1,Category,2,,,
3992,8XFEHYAE2GZN2,St Barts,2026-09-19T00:00:00,2026-09-25T00:00:00,1,Category,2,,,
3895,9388Q6DQI9AQX,St Barts,2026-09-16T00:00:00,2026-09-22T00:00:00,1,Category,2,,,
4093,93NL64FUIJZCI,St Barts,2026-09-22T00:00:00,2026-09-28T00:00:00,1,Category,2,,,
3972,950OGF4MDCM9Q,St Barts,2026-09-18T00:00:00,2026-09-24T00:00:00,1,Category,2,,,
4075,95DVOQ422JHPI,St Barts,2026-09-22T00:00:00,2026-09-28T00:00:00,1,Category,2,,,
4068,9910S3ST6WFY7,St Barts,2026-09-21T00:00:00,2026-09-27T00:00:00,1,Category,2,,,
3889,9CHC74E7UR7M1,St Barts,2026-09-16T00:00:00,2026-09-22T00:00:00,1,Category,2,,,
4084,9FH2TLYCHMLVJ,St Barts,2026-09-22T00:00:00,2026-09-28T00:00:00,1,Category,2,,,
3883,9NMQTD9CRU5WU,St Barts,2026-09-15T00:00:00,2026-09-21T00:00:00,1,Category,2,,,
3987,9RXRHQHP6RAZU,St Barts,2026-09-19T00:00:00,2026-09-25T00:00:00,1,Category,2,,,
3850,9VJ74FPJCI6BU,St Barts,2026-09-14T00:00:00,2026-09-20T00:00:00,1,Category,2,,,
3815,9X5EOJAWFINKX,St Barts,2026-09-13T00:00:00,2026-09-19T00:00:00,1,Category,2,,,
3884,A141FDDBM0U2I,St Barts,2026-09-15T00:00:00,2026-09-21T00:00:00,1,Category,2,,,
4020,A1YSDSGVAM55B,St Barts,2026-09-20T00:00:00,2026-09-26T00:00:00,1,Category,2,,,
4034,A3RYR733XOLJE,St Barts,2026-09-20T00:00:00,2026-09-26T00:00:00,1,Category,2,,,
4070,A5CU4WIX0QBI4,St Barts,2026-09-22T00:00:00,2026-09-28T00:00:00,1,Category,2,,,
3777,AG5JSJ4AL7DJX,St Barts,2026-09-12T00:00:00,2026-09-18T00:00:00,1,Category,2,,,
4014,AI3EPAWPP4XXZ,St Barts,2026-09-20T00:00:00,2026-09-26T00:00:00,1,Category,2,,,
3837,AJ6YPXIK2S4I6,St Barts,2026-09-14T00:00:00,2026-09-20T00:00:00,1,Category,2,,,
3910,AKOJ9VLY6CSKE,St Barts,2026-09-16T00:00:00,2026-09-22T00:00:00,1,Category,2,,,
4041,ANPV4N68TYYCM,St Barts,2026-09-21T00:00:00,2026-09-27T00:00:00,1,Category,2,,,
3830,AXE6TMU83J8VI,St Barts,2026-09-14T00:00:00,2026-09-20T00:00:00,1,Category,2,,,
4000,B0G7854Z8E9IK,St Barts,2026-09-19T00:00:00,2026-09-25T00:00:00,1,Category,2,,,
3893,B1EL8GUMKYOEX,St Barts,2026-09-16T00:00:00,2026-09-22T00:00:00,1,Category,2,,,
3842,B4FK8OT9ANBIR,St Barts,2026-09-14T00:00:00,2026-09-20T00:00:00,1,Category,2,,,
3903,B7A53JWIVGUG3,St Barts,2026-09-16T00:00:00,2026-09-22T00:00:00,1,Category,2,,,
3822,B9OGCEVDOSM5X,St Barts,2026-09-13T00:00:00,2026-09-19T00:00:00,1,Category,2,,,
3755,BHPGIF242MRKW,St Barts,2026-09-11T00:00:00,2026-09-17T00:00:00,1,Category,2,,,
3845,BJAX3P01R785F,St Barts,2026-09-14T00:00:00,2026-09-20T00:00:00,1,Category,2,,,
3835,BNV254PVQN0D5,St Barts,2026-09-14T00:00:00,2026-09-20T00:00:00,1,Category,2,,,
4026,BYB1ZINK13CII,St Barts,2026-09-20T00:00:00,2026-09-26T00:00:00,1,Category,2,,,
4043,C4HSNU4YJB0D7,St Barts,2026-09-21T00:00:00,2026-09-27T00:00:00,1,Category,2,,,
3840,C4U3R59K71Q2A,St Barts,2026-09-14T00:00:00,2026-09-20T00:00:00,1,Category,2,,,
3793,C6CMYRWQR2OZ0,St Barts,2026-09-12T00:00:00,2026-09-18T00:00:00,1,Category,2,,,
4072,CAR1FBN13WQM2,St Barts,2026-09-22T00:00:00,2026-09-28T00:00:00,1,Category,2,,,
3809,CE9E1V60093G8,St Barts,2026-09-13T00:00:00,2026-09-19T00:00:00,1,Category,2,,,
3762,CHDG5RJN8G273,St Barts,2026-09-11T00:00:00,2026-09-17T00:00:00,1,Category,2,,,
4042,CIOFMVUSZ4FVC,St Barts,2026-09-21T00:00:00,2026-09-27T00:00:00,1,Category,2,,,
4003,CN0OZFK9P0A16,St Barts,2026-09-19T00:00:00,2026-09-25T00:00:00,1,Category,2,,,
3969,CPVA4ROBYSOAW,St Barts,2026-09-18T00:00:00,2026-09-24T00:00:00,1,Category,2,,,
3939,CWPPIQJRJWF1P,St Barts,2026-09-17T00:00:00,2026-09-23T00:00:00,1,Category,2,,,
3968,CYU495D5VZLKV,St Barts,2026-09-18T00:00:00,2026-09-24T00:00:00,1,Category,2,,,
3817,D37ZN94NWVZ2Z,St Barts,2026-09-13T00:00:00,2026-09-19T00:00:00,1,Category,2,,,
3772,D46PYV7DU60KI,St Barts,2026-09-12T00:00:00,2026-09-18T00:00:00,1,Category,2,,,
3962,DBZSJRUOF2KB4,St Barts,2026-09-18T00:00:00,2026-09-24T00:00:00,1,Category,2,,,
4067,DHPNNLX5MCHGR,St Barts,2026-09-21T00:00:00,2026-09-27T00:00:00,1,Category,2,,,
4013,DN7D6WTUI8BWN,St Barts,2026-09-20T00:00:00,2026-09-26T00:00:00,1,Category,2,,,
3988,DXICZCF9H9VXZ,St Barts,2026-09-19T00:00:00,2026-09-25T00:00:00,1,Category,2,,,
4018,DY3C5T7T1DBMW,St Barts,2026-09-20T00:00:00,2026-09-26T00:00:00,1,Category,2,,,
3959,E2LDC9EV4CSGK,St Barts,2026-09-18T00:00:00,2026-09-24T00:00:00,1,Category,2,,,
3996,E3Z4NG7JH3CUU,St Barts,2026-09-19T00:00:00,2026-09-25T00:00:00,1,Category,2,,,
4077,E577HCCFEEEE0,St Barts,2026-09-22T00:00:00,2026-09-28T00:00:00,1,Category,2,,,
3964,E6JKBMSP3CCHQ,St Barts,2026-09-18T00:00:00,2026-09-24T00:00:00,1,Category,2,,,
4037,EFWK8BPDQKMXV,St Barts,2026-09-20T00:00:00,2026-09-26T00:00:00,1,Category,2,,,
4046,EIX2HXCPXOJO3,St Barts,2026-09-21T00:00:00,2026-09-27T00:00:00,1,Category,2,,,
3775,EKBG8MF4IWQT3,St Barts,2026-09-12T00:00:00,2026-09-18T00:00:00,1,Category,2,,,
4022,EM52JK2ATF4I9,St Barts,2026-09-20T00:00:00,2026-09-26T00:00:00,1,Category,2,,,
4080,EMCRAYGE4RPAK,St Barts,2026-09-22T00:00:00,2026-09-28T00:00:00,1,Category,2,,,
3963,EMYODRBCUUZ0O,St Barts,2026-09-18T00:00:00,2026-09-24T00:00:00,1,Category,2,,,
3851,ENPPAI9LZBF4H,St Barts,2026-09-14T00:00:00,2026-09-20T00:00:00,1,Category,2,,,
3787,EPTH7U15CM4ID,St Barts,2026-09-12T00:00:00,2026-09-18T00:00:00,1,Category,2,,,
3975,EXMGZUMNQ82NN,St Barts,2026-09-18T00:00:00,2026-09-24T00:00:00,1,Category,2,,,
3795,F4QC3MQKNHD4T,St Barts,2026-09-12T00:00:00,2026-09-18T00:00:00,1,Category,2,,,
3906,F7342JTMJS7YW,St Barts,2026-09-16T00:00:00,2026-09-22T00:00:00,1,Category,2,,,
3912,FEXQR3OA9Q44I,St Barts,2026-09-16T00:00:00,2026-09-22T00:00:00,1,Category,2,,,
3838,FFDL7DIWB9X5O,St Barts,2026-09-14T00:00:00,2026-09-20T00:00:00,1,Category,2,,,
3933,FFXCFCA6IRNYE,St Barts,2026-09-17T00:00:00,2026-09-23T00:00:00,1,Category,2,,,
3897,FIFE6XB8G1NLI,St Barts,2026-09-16T00:00:00,2026-09-22T00:00:00,1,Category,2,,,
3814,FIFIK0W72LQSW,St Barts,2026-09-13T00:00:00,2026-09-19T00:00:00,1,Category,2,,,
3873,FNXOF0CZOGZH1,St Barts,2026-09-15T00:00:00,2026-09-21T00:00:00,1,Category,2,,,
3886,FOXRIVZAR9792,St Barts,2026-09-15T00:00:00,2026-09-21T00:00:00,1,Category,2,,,
4092,G4IZKJJY7HD95,St Barts,2026-09-22T00:00:00,2026-09-28T00:00:00,1,Category,2,,,
3780,GZ2L42NVB8VJD,St Barts,2026-09-12T00:00:00,2026-09-18T00:00:00,1,Category,2,,,
3909,H0YEGCNQ6AAUM,St Barts,2026-09-16T00:00:00,2026-09-22T00:00:00,1,Category,2,,,
4098,HC2T169ED6961,St Barts,2026-09-22T00:00:00,2026-09-28T00:00:00,1,Category,2,,,
3920,HHARB16ZATZHI,St Barts,2026-09-17T00:00:00,2026-09-23T00:00:00,1,Category,2,,,
3747,HJNHB52VMT681,St Barts,2026-09-11T00:00:00,2026-09-17T00:00:00,1,Category,2,,,
3742,HLGLY4QOLH655,St Barts,2026-09-11T00:00:00,2026-09-17T00:00:00,1,Category,2,,,
4065,HQN0RLBF0ELS8,St Barts,2026-09-21T00:00:00,2026-09-27T00:00:00,1,Category,2,,,
3866,HXLRS8SQK0OS0,St Barts,2026-09-15T00:00:00,2026-09-21T00:00:00,1,Category,2,,,
3998,I2J8SUZTCH7HQ,St Barts,2026-09-19T00:00:00,2026-09-25T00:00:00,1,Category,2,,,
4032,I5QTTH1DVHB8Q,St Barts,2026-09-20T00:00:00,2026-09-26T00:00:00,1,Category,2,,,
3956,I69JCCB43ZQX0,St Barts,2026-09-18T00:00:00,2026-09-24T00:00:00,1,Category,2,,,
4045,I81KTK92KB0AL,St Barts,2026-09-21T00:00:00,2026-09-27T00:00:00,1,Category,2,,,
3754,IDZTJEHP7AOU2,St Barts,2026-09-11T00:00:00,2026-09-17T00:00:00,1,Category,2,,,
3858,IG34EZ0S1JR83,St Barts,2026-09-14T00:00:00,2026-09-20T00:00:00,1,Category,2,,,
3849,II0CX76QERZUF,St Barts,2026-09-14T00:00:00,2026-09-20T00:00:00,1,Category,2,,,
4005,IKF75XK6F7EYI,St Barts,2026-09-19T00:00:00,2026-09-25T00:00:00,1,Category,2,,,
4016,ITNCHEAZ7682V,St Barts,2026-09-20T00:00:00,2026-09-26T00:00:00,1,Category,2,,,
3819,IUV0YX2LGHZP5,St Barts,2026-09-13T00:00:00,2026-09-19T00:00:00,1,Category,2,,,
3949,IWKB81UCKNCLB,St Barts,2026-09-18T00:00:00,2026-09-24T00:00:00,1,Category,2,,,
3952,IZ1U2SHBBWCSQ,St Barts,2026-09-18T00:00:00,2026-09-24T00:00:00,1,Category,2,,,
4096,J168UTWBSF9JB,St Barts,2026-09-22T00:00:00,2026-09-28T00:00:00,1,Category,2,,,
3971,J26M3E9YS0BDY,St Barts,2026-09-18T00:00:00,2026-09-24T00:00:00,1,Category,2,,,
3981,J76DR4ASTE96C,St Barts,2026-09-19T00:00:00,2026-09-25T00:00:00,1,Category,2,,,
3832,J8CRJ6HW0WYJJ,St Barts,2026-09-14T00:00:00,2026-09-20T00:00:00,1,Category,2,,,
3990,J8J3HARZ5VOFD,St Barts,2026-09-19T00:00:00,2026-09-25T00:00:00,1,Category,2,,,
3760,JC5QBLEBJGQS4,St Barts,2026-09-11T00:00:00,2026-09-17T00:00:00,1,Category,2,,,
4058,JGFKZFKK058VS,St Barts,2026-09-21T00:00:00,2026-09-27T00:00:00,1,Category,2,,,
4011,JNWDBA1GL25C8,St Barts,2026-09-20T00:00:00,2026-09-26T00:00:00,1,Category,2,,,
3860,K0V8P0DCY5PFX,St Barts,2026-09-15T00:00:00,2026-09-21T00:00:00,1,Category,2,,,
3782,K3QPHXU8HUS1S,St Barts,2026-09-12T00:00:00,2026-09-18T00:00:00,1,Category,2,,,
3974,KA8JKRTUYN9T7,St Barts,2026-09-18T00:00:00,2026-09-24T00:00:00,1,Category,2,,,
4061,KQJ2UIUHT2SPP,St Barts,2026-09-21T00:00:00,2026-09-27T00:00:00,1,Category,2,,,
3856,L3EZA6BIA2BYH,St Barts,2026-09-14T00:00:00,2026-09-20T00:00:00,1,Category,2,,,
4095,L3NWXSAPHM2YC,St Barts,2026-09-22T00:00:00,2026-09-28T00:00:00,1,Category,2,,,
3946,LA8S3KFBRTNIF,St Barts,2026-09-17T00:00:00,2026-09-23T00:00:00,1,Category,2,,,
4012,LGFXC8F17BYFR,St Barts,2026-09-20T00:00:00,2026-09-26T00:00:00,1,Category,2,,,
3983,LI2MPJHBYOBVP,St Barts,2026-09-19T00:00:00,2026-09-25T00:00:00,1,Category,2,,,
3847,LJC718K675PRO,St Barts,2026-09-14T00:00:00,2026-09-20T00:00:00,1,Category,2,,,
4027,LREENLKHTBGR7,St Barts,2026-09-20T00:00:00,2026-09-26T00:00:00,1,Category,2,,,
3914,LWOXQKQHPHBQU,St Barts,2026-09-16T00:00:00,2026-09-22T00:00:00,1,Category,2,,,
3907,LZ8CBTU268ISD,St Barts,2026-09-16T00:00:00,2026-09-22T00:00:00,1,Category,2,,,
4004,LZS72PJO6PB7M,St Barts,2026-09-19T00:00:00,2026-09-25T00:00:00,1,Category,2,,,
3985,M0A9487HT20GY,St Barts,2026-09-19T00:00:00,2026-09-25T00:00:00,1,Category,2,,,
3999,M3ETK6UAHBTAN,St Barts,2026-09-19T00:00:00,2026-09-25T00:00:00,1,Category,2,,,
3861,M7Z2VJB4OQE7S,St Barts,2026-09-15T00:00:00,2026-09-21T00:00:00,1,Category,2,,,
3801,M84RE70BKLO47,St Barts,2026-09-13T00:00:00,2026-09-19T00:00:00,1,Category,2,,,
4062,MDCQYQBMU971P,St Barts,2026-09-21T00:00:00,2026-09-27T00:00:00,1,Category,2,,,
3941,MHYJEIM6G239D,St Barts,2026-09-17T00:00:00,2026-09-23T00:00:00,1,Category,2,,,
4081,MISNT5Y4L2027,St Barts,2026-09-22T00:00:00,2026-09-28T00:00:00,1,Category,2,,,
3958,MLA1ZAC3NRBQQ,St Barts,2026-09-18T00:00:00,2026-09-24T00:00:00,1,Category,2,,,
3928,MM28SE6648OQZ,St Barts,2026-09-17T00:00:00,2026-09-23T00:00:00,1,Category,2,,,
3794,MN1ZQVC9K1MER,St Barts,2026-09-12T00:00:00,2026-09-18T00:00:00,1,Category,2,,,
3826,MOG2TTE4S8K1L,St Barts,2026-09-13T00:00:00,2026-09-19T00:00:00,1,Category,2,,,
3900,MPY0EO4LBHJ9R,St Barts,2026-09-16T00:00:00,2026-09-22T00:00:00,1,Category,2,,,
3908,MR48N90IDHJED,St Barts,2026-09-16T00:00:00,2026-09-22T00:00:00,1,Category,2,,,
3759,MZ3CWJ7GV3AGN,St Barts,2026-09-11T00:00:00,2026-09-17T00:00:00,1,Category,2,,,
3901,NF2UBZMU0APUB,St Barts,2026-09-16T00:00:00,2026-09-22T00:00:00,1,Category,2,,,
3818,NJ4A928W9437L,St Barts,2026-09-13T00:00:00,2026-09-19T00:00:00,1,Category,2,,,
3805,NLZCZK8SITU0O,St Barts,2026-09-13T00:00:00,2026-09-19T00:00:00,1,Category,2,,,
4008,NQAF1NIT453O0,St Barts,2026-09-19T00:00:00,2026-09-25T00:00:00,1,Category,2,,,
3820,NQKDHPCL4YFI9,St Barts,2026-09-13T00:00:00,2026-09-19T00:00:00,1,Category,2,,,
3979,NRPJ37M7Z6RSK,St Barts,2026-09-19T00:00:00,2026-09-25T00:00:00,1,Category,2,,,
3965,NSWJ2WC3K7NHF,St Barts,2026-09-18T00:00:00,2026-09-24T00:00:00,1,Category,2,,,
3887,NTYWW1YLTBKN4,St Barts,2026-09-15T00:00:00,2026-09-21T00:00:00,1,Category,2,,,
3829,NU2SYUJSJU9ZD,St Barts,2026-09-14T00:00:00,2026-09-20T00:00:00,1,Category,2,,,
3905,NYACDIZ9XOT4G,St Barts,2026-09-16T00:00:00,2026-09-22T00:00:00,1,Category,2,,,
4009,NYR3BSLYZOBAA,St Barts,2026-09-20T00:00:00,2026-09-26T00:00:00,1,Category,2,,,
3936,O4O0FLBQHPP2Q,St Barts,2026-09-17T00:00:00,2026-09-23T00:00:00,1,Category,2,,,
3823,O59N5PRZIP4CI,St Barts,2026-09-13T00:00:00,2026-09-19T00:00:00,1,Category,2,,,
4021,O5C6P9L5Z3G1I,St Barts,2026-09-20T00:00:00,2026-09-26T00:00:00,1,Category,2,,,
3989,O5ME7BBO8QTBU,St Barts,2026-09-19T00:00:00,2026-09-25T00:00:00,1,Category,2,,,
3786,O85O31CBD9B5E,St Barts,2026-09-12T00:00:00,2026-09-18T00:00:00,1,Category,2,,,
4071,OB7GUKZQSZ0E9,St Barts,2026-09-22T00:00:00,2026-09-28T00:00:00,1,Category,2,,,
4083,OCI629L6LCO8P,St Barts,2026-09-22T00:00:00,2026-09-28T00:00:00,1,Category,2,,,
3938,OGT0MCV1P0HTT,St Barts,2026-09-17T00:00:00,2026-09-23T00:00:00,1,Category,2,,,
3934,OI4WA4UVJYNX5,St Barts,2026-09-17T00:00:00,2026-09-23T00:00:00,1,Category,2,,,
4036,OSUIN3SZG8V70,St Barts,2026-09-20T00:00:00,2026-09-26T00:00:00,1,Category,2,,,
3797,OV11FZIGL1AP9,St Barts,2026-09-12T00:00:00,2026-09-18T00:00:00,1,Category,2,,,
3800,OVMN4F3X58JZ3,St Barts,2026-09-13T00:00:00,2026-09-19T00:00:00,1,Category,2,,,
4074,OXLSGMQ4UIG9L,St Barts,2026-09-22T00:00:00,2026-09-28T00:00:00,1,Category,2,,,
4028,P0SD4EENQD3WE,St Barts,2026-09-20T00:00:00,2026-09-26T00:00:00,1,Category,2,,,
3867,P2725LDEOP5MY,St Barts,2026-09-15T00:00:00,2026-09-21T00:00:00,1,Category,2,,,
3799,P62R4PIC85TVB,St Barts,2026-09-13T00:00:00,2026-09-19T00:00:00,1,Category,2,,,
3844,P86JB08P4EFW2,St Barts,2026-09-14T00:00:00,2026-09-20T00:00:00,1,Category,2,,,
3902,P940G5KRKCU4B,St Barts,2026-09-16T00:00:00,2026-09-22T00:00:00,1,Category,2,,,
4052,PC075RJVV80SI,St Barts,2026-09-21T00:00:00,2026-09-27T00:00:00,1,Category,2,,,
4010,PH5ZO0A3K24JR,St Barts,2026-09-20T00:00:00,2026-09-26T00:00:00,1,Category,2,,,
3892,PI7NEBYXV9XMN,St Barts,2026-09-16T00:00:00,2026-09-22T00:00:00,1,Category,2,,,
3821,PNQD9D2C0J266,St Barts,2026-09-13T00:00:00,2026-09-19T00:00:00,1,Category,2,,,
3740,PP9WV6PY2JNTE,St Barts,2026-09-11T00:00:00,2026-09-17T00:00:00,1,Category,2,,,
3746,PPQ3E04AB8PMX,St Barts,2026-09-11T00:00:00,2026-09-17T00:00:00,1,Category,2,,,
3763,PTXDSNT1L72P0,St Barts,2026-09-11T00:00:00,2026-09-17T00:00:00,1,Category,2,,,
3961,PU6EYOKBVIH3H,St Barts,2026-09-18T00:00:00,2026-09-24T00:00:00,1,Category,2,,,
3779,PUVLC2QGL988E,St Barts,2026-09-12T00:00:00,2026-09-18T00:00:00,1,Category,2,,,
4082,Q42IIV1M905JM,St Barts,2026-09-22T00:00:00,2026-09-28T00:00:00,1,Category,2,,,
4048,QDEWERKZKVIME,St Barts,2026-09-21T00:00:00,2026-09-27T00:00:00,1,Category,2,,,
4056,QHCZJE332QQ1U,St Barts,2026-09-21T00:00:00,2026-09-27T00:00:00,1,Category,2,,,
3859,QLLP5WSMIX5U2,St Barts,2026-09-15T00:00:00,2026-09-21T00:00:00,1,Category,2,,,
3931,QOS7X3BPDOR4L,St Barts,2026-09-17T00:00:00,2026-09-23T00:00:00,1,Category,2,,,
3854,QV3KUDCWX4MNT,St Barts,2026-09-14T00:00:00,2026-09-20T00:00:00,1,Category,2,,,
3880,QVMQ1KTBE2CZU,St Barts,2026-09-15T00:00:00,2026-09-21T00:00:00,1,Category,2,,,
4064,QXFBS4T9ECUN8,St Barts,2026-09-21T00:00:00,2026-09-27T00:00:00,1,Category,2,,,
3855,QXYGU2SXVQETB,St Barts,2026-09-14T00:00:00,2026-09-20T00:00:00,1,Category,2,,,
4039,R1ON8KPGY1KCG,St Barts,2026-09-21T00:00:00,2026-09-27T00:00:00,1,Category,2,,,
4001,R4AQFIK5D80YU,St Barts,2026-09-19T00:00:00,2026-09-25T00:00:00,1,Category,2,,,
4029,R524I8WR6HLL1,St Barts,2026-09-20T00:00:00,2026-09-26T00:00:00,1,Category,2,,,
3865,R5L77291RGCV9,St Barts,2026-09-15T00:00:00,2026-09-21T00:00:00,1,Category,2,,,
3953,RA64Y4CS8WYT8,St Barts,2026-09-18T00:00:00,2026-09-24T00:00:00,1,Category,2,,,
3898,RBHOVWRJVGQ1L,St Barts,2026-09-16T00:00:00,2026-09-22T00:00:00,1,Category,2,,,
3957,RFP0RZBS7JCGK,St Barts,2026-09-18T00:00:00,2026-09-24T00:00:00,1,Category,2,,,
3994,RHCIWHBXB3T1O,St Barts,2026-09-19T00:00:00,2026-09-25T00:00:00,1,Category,2,,,
3874,RO87VWW6RFMWZ,St Barts,2026-09-15T00:00:00,2026-09-21T00:00:00,1,Category,2,,,
4063,RP5B3USV78LA6,St Barts,2026-09-21T00:00:00,2026-09-27T00:00:00,1,Category,2,,,
4053,RSOT3KTJZ2WDC,St Barts,2026-09-21T00:00:00,2026-09-27T00:00:00,1,Category,2,,,
3922,RTSUHBT9WOK4Q,St Barts,2026-09-17T00:00:00,2026-09-23T00:00:00,1,Category,2,,,
3929,RWKNBY56W1HJJ,St Barts,2026-09-17T00:00:00,2026-09-23T00:00:00,1,Category,2,,,
3919,RXVHFRWQ8BI1S,St Barts,2026-09-17T00:00:00,2026-09-23T00:00:00,1,Category,2,,,
4030,S6MSW5J12X1X9,St Barts,2026-09-20T00:00:00,2026-09-26T00:00:00,1,Category,2,,,
3753,S9V3TKT1LS7RM,St Barts,2026-09-11T00:00:00,2026-09-17T00:00:00,1,Category,2,,,
3745,SC0PPX06X4SH0,St Barts,2026-09-11T00:00:00,2026-09-17T00:00:00,1,Category,2,,,
3876,SEVU11KU9BCGH,St Barts,2026-09-15T00:00:00,2026-09-21T00:00:00,1,Category,2,,,
3869,SG5HE7OGNG3ZL,St Barts,2026-09-15T00:00:00,2026-09-21T00:00:00,1,Category,2,,,
3871,SIQGPMKN37IGL,St Barts,2026-09-15T00:00:00,2026-09-21T00:00:00,1,Category,2,,,
3997,SMFSLQ25H549Y,St Barts,2026-09-19T00:00:00,2026-09-25T00:00:00,1,Category,2,,,
4073,SPJCRE9H0FBBJ,St Barts,2026-09-22T00:00:00,2026-09-28T00:00:00,1,Category,2,,,
3945,SRF3I636OM8BC,St Barts,2026-09-17T00:00:00,2026-09-23T00:00:00,1,Category,2,,,
3852,SU7ZYQN582X7N,St Barts,2026-09-14T00:00:00,2026-09-20T00:00:00,1,Category,2,,,
3940,SW99SNUV657QC,St Barts,2026-09-17T00:00:00,2026-09-23T00:00:00,1,Category,2,,,
3813,SYPM9VJU6DWJR,St Barts,2026-09-13T00:00:00,2026-09-19T00:00:00,1,Category,2,,,
3857,T41AY42PNNOW8,St Barts,2026-09-14T00:00:00,2026-09-20T00:00:00,1,Category,2,,,
4091,T5W9LHGG98D7Q,St Barts,2026-09-22T00:00:00,2026-09-28T00:00:00,1,Category,2,,,
3885,T72EZ7BV9NSI6,St Barts,2026-09-15T00:00:00,2026-09-21T00:00:00,1,Category,2,,,
4024,T88K7S15O3ZIC,St Barts,2026-09-20T00:00:00,2026-09-26T00:00:00,1,Category,2,,,
4023,TGBSKEDGMXXO9,St Barts,2026-09-20T00:00:00,2026-09-26T00:00:00,1,Category,2,,,
3918,TJJKS3VLMSSNS,St Barts,2026-09-16T00:00:00,2026-09-22T00:00:00,1,Category,2,,,
4057,TQHG0OJ1R1VTX,St Barts,2026-09-21T00:00:00,2026-09-27T00:00:00,1,Category,2,,,
3831,TRTY5IOKYFQ7G,St Barts,2026-09-14T00:00:00,2026-09-20T00:00:00,1,Category,2,,,
4019,TWA8H0T0KPSK4,St Barts,2026-09-20T00:00:00,2026-09-26T00:00:00,1,Category,2,,,
3766,TX71JL0FT9JSW,St Barts,2026-09-11T00:00:00,2026-09-17T00:00:00,1,Category,2,,,
3950,TXYLT8I8O8Q9Q,St Barts,2026-09-18T00:00:00,2026-09-24T00:00:00,1,Category,2,,,
4035,U66M6267NF6FH,St Barts,2026-09-20T00:00:00,2026-09-26T00:00:00,1,Category,2,,,
3757,U83V8HI0JLMFK,St Barts,2026-09-11T00:00:00,2026-09-17T00:00:00,1,Category,2,,,
3807,U8ZCUZ2LGQMAV,St Barts,2026-09-13T00:00:00,2026-09-19T00:00:00,1,Category,2,,,
3978,U9L3CF5608B7E,St Barts,2026-09-18T00:00:00,2026-09-24T00:00:00,1,Category,2,,,
3993,UFATJ793EJ8H8,St Barts,2026-09-19T00:00:00,2026-09-25T00:00:00,1,Category,2,,,
3802,UG6DN5OEJJTSW,St Barts,2026-09-13T00:00:00,2026-09-19T00:00:00,1,Category,2,,,
4060,UKM9PRGW4WXS0,St Barts,2026-09-21T00:00:00,2026-09-27T00:00:00,1,Category,2,,,
3917,UNAJWM4EQ78F8,St Barts,2026-09-16T00:00:00,2026-09-22T00:00:00,1,Category,2,,,
3891,UQTP3J1E2WDRE,St Barts,2026-09-16T00:00:00,2026-09-22T00:00:00,1,Category,2,,,
4087,UUJH07KTFD88U,St Barts,2026-09-22T00:00:00,2026-09-28T00:00:00,1,Category,2,,,
3784,UV7LPNL9RUEV0,St Barts,2026-09-12T00:00:00,2026-09-18T00:00:00,1,Category,2,,,
3942,V6CFTO87T81QI,St Barts,2026-09-17T00:00:00,2026-09-23T00:00:00,1,Category,2,,,
3791,VAMEBPEFHIGIW,St Barts,2026-09-12T00:00:00,2026-09-18T00:00:00,1,Category,2,,,
4025,VCA4ZIYQQE4GT,St Barts,2026-09-20T00:00:00,2026-09-26T00:00:00,1,Category,2,,,
4076,VE2L5PZ6XZQKQ,St Barts,2026-09-22T00:00:00,2026-09-28T00:00:00,1,Category,2,,,
4078,VHQWOEC70MCJN,St Barts,2026-09-22T00:00:00,2026-09-28T00:00:00,1,Category,2,,,
3879,VMFYXMHJK69SY,St Barts,2026-09-15T00:00:00,2026-09-21T00:00:00,1,Category,2,,,
4006,VNUSYXI5PIXWG,St Barts,2026-09-19T00:00:00,2026-09-25T00:00:00,1,Category,2,,,
3947,VP4CLONO9Q9K4,St Barts,2026-09-17T00:00:00,2026-09-23T00:00:00,1,Category,2,,,
3776,W15XJ2EI3HJ02,St Barts,2026-09-12T00:00:00,2026-09-18T00:00:00,1,Category,2,,,
3904,W2TVPIFD95QKB,St Barts,2026-09-16T00:00:00,2026-09-22T00:00:00,1,Category,2,,,
3804,W4ADJ8T7VX01V,St Barts,2026-09-13T00:00:00,2026-09-19T00:00:00,1,Category,2,,,
3836,WAZHHC6UE72OE,St Barts,2026-09-14T00:00:00,2026-09-20T00:00:00,1,Category,2,,,
3926,WJ53X03BLWUKP,St Barts,2026-09-17T00:00:00,2026-09-23T00:00:00,1,Category,2,,,
3984,WR2MY8YW4AMF9,St Barts,2026-09-19T00:00:00,2026-09-25T00:00:00,1,Category,2,,,
3864,WT86JRA689QYM,St Barts,2026-09-15T00:00:00,2026-09-21T00:00:00,1,Category,2,,,
3824,WX3WGSHKOC7YW,St Barts,2026-09-13T00:00:00,2026-09-19T00:00:00,1,Category,2,,,
3973,XB6EMKSFHWEMY,St Barts,2026-09-18T00:00:00,2026-09-24T00:00:00,1,Category,2,,,
3750,XPED6T5N7DJ6L,St Barts,2026-09-11T00:00:00,2026-09-17T00:00:00,1,Category,2,,,
3878,XRRKRHT3DRK7N,St Barts,2026-09-15T00:00:00,2026-09-21T00:00:00,1,Category,2,,,
3853,XSGG93BD2TAYQ,St Barts,2026-09-14T00:00:00,2026-09-20T00:00:00,1,Category,2,,,
4017,XTBXSJQH0P56W,St Barts,2026-09-20T00:00:00,2026-09-26T00:00:00,1,Category,2,,,
3894,XVW87SDI75QK9,St Barts,2026-09-16T00:00:00,2026-09-22T00:00:00,1,Category,2,,,
3935,XY5C78SVX51BJ,St Barts,2026-09-17T00:00:00,2026-09-23T00:00:00,1,Category,2,,,
3811,Y2DQRX73WXMBY,St Barts,2026-09-13T00:00:00,2026-09-19T00:00:00,1,Category,2,,,
3913,Y3OKYF3CEPCXS,St Barts,2026-09-16T00:00:00,2026-09-22T00:00:00,1,Category,2,,,
4090,YFQVMCHHWPVCC,St Barts,2026-09-22T00:00:00,2026-09-28T00:00:00,1,Category,2,,,
3841,YGR8JJ3B2344C,St Barts,2026-09-14T00:00:00,2026-09-20T00:00:00,1,Category,2,,,
3803,YHQT7T1BDKIR0,St Barts,2026-09-13T00:00:00,2026-09-19T00:00:00,1,Category,2,,,
3954,YRVN6VNB0TG3F,St Barts,2026-09-18T00:00:00,2026-09-24T00:00:00,1,Category,2,,,
3783,YSZNWAB969ZNF,St Barts,2026-09-12T00:00:00,2026-09-18T00:00:00,1,Category,2,,,
3925,YXJGLONO1NKPD,St Barts,2026-09-17T00:00:00,2026-09-23T00:00:00,1,Category,2,,,
3875,YZOOQC0JG60O1,St Barts,2026-09-15T00:00:00,2026-09-21T00:00:00,1,Category,2,,,
4054,Z2F3OHCBL19KC,St Barts,2026-09-21T00:00:00,2026-09-27T00:00:00,1,Category,2,,,
3937,Z5P5QJOJPMBGT,St Barts,2026-09-17T00:00:00,2026-09-23T00:00:00,1,Category,2,,,
3915,Z6D8RTOJAEUBF,St Barts,2026-09-16T00:00:00,2026-09-22T00:00:00,1,Category,2,,,
3924,Z6PL9RIJJMHQL,St Barts,2026-09-17T00:00:00,2026-09-23T00:00:00,1,Category,2,,,
3756,ZMYJLB589VGIC,St Barts,2026-09-11T00:00:00,2026-09-17T00:00:00,1,Category,2,,,
3930,ZPLP7ILCORIME,St Barts,2026-09-17T00:00:00,2026-09-23T00:00:00,1,Category,2,,,
3796,ZWFJW7HYY9A30,St Barts,2026-09-12T00:00:00,2026-09-18T00:00:00,1,Category,2,,,
4124,8GGTSMFBKFYUL,St Barts,2026-09-16T00:00:00,2026-09-19T00:00:00,1,Category,3,,,
4125,JOPYLUZR2PGJI,St Barts,2026-09-15T00:00:00,2026-09-19T00:00:00,1,Category,3,,,
